module,word,definition
Ecosystems,producer,"An organism that makes its own food, usually using sunlight"
Ecosystems,consumer,An organism that gets energy by eating other living things
Ecosystems,decomposer,An organism that breaks down dead plants and animals
Ecosystems,habitat,The natural home where a plant or animal lives
Ecosystems,predator,An animal that hunts other animals for food
Ecosystems,prey,An animal that is hunted and eaten by another animal
Ecosystems,food chain,A path that shows how energy passes from one living thing to another
Ecosystems,adaptation,A feature that helps a living thing survive in its environment
Ecosystems,population,All the members of one species living in the same area
Ecosystems,ecosystem,All the living and non-living things in an area working together
Literary Terms,simile,"A comparison using the words like or as"
Literary Terms,metaphor,A comparison that says one thing is another thing
Literary Terms,personification,Giving human qualities to an animal or object
Literary Terms,alliteration,Repeating the same first sound in nearby words
Literary Terms,onomatopoeia,A word that imitates the sound it describes
Literary Terms,hyperbole,An extreme exaggeration used for effect
Literary Terms,protagonist,The main character in a story
Literary Terms,setting,Where and when a story takes place
Literary Terms,theme,The message or lesson of a story
Literary Terms,foreshadowing,Hints or clues about what will happen later in a story
Geometry,perimeter,The total distance around the outside of a shape
Geometry,area,The amount of space inside a flat shape
Geometry,parallel,Lines that never meet and are always the same distance apart
Geometry,perpendicular,Lines that meet to form a right angle
Geometry,acute angle,An angle smaller than 90 degrees
Geometry,obtuse angle,An angle bigger than 90 degrees but smaller than 180 degrees
Geometry,vertex,The point where two or more lines or edges meet
Geometry,polygon,A closed flat shape with three or more straight sides
Geometry,symmetry,When one half of a shape is a mirror image of the other half
